timestamp;reddit_post_id;reddit_comment_id;imgur_post_id
2021-01-11T19:29:34.477590;kv8nqv;giwso4n;https://i.imgur.com/FVfOMiR.jpg
2021-01-11T19:53:21.017435;kv961e;giwvuit;https://i.imgur.com/qGHkgAe.jpg
2021-01-12T07:18:56.549870;kvm2f3;giz4hei;https://i.imgur.com/CzyfpDu.jpg
2021-01-12T07:34:13.103137;kvma11;giz5n74;https://i.imgur.com/QiSHCWB.jpg
2021-01-12T21:50:20.301537;kvyuhc;gj1ftc6;https://i.imgur.com/qLofBN2.jpg
2021-01-13T06:37:13.261602;kwa2fz;gj3381x;https://imgur.com/a/GkDxvjf
2021-01-13T17:32:09.984113;kwk0d6;gj4k51m;https://i.imgur.com/xjG1HZa.jpg
2021-01-14T07:03:06.697791;kwx5fo;gj7amk4;https://i.imgur.com/I1bRuwX.jpg
2021-01-14T22:43:40.958490;kx87tz;gj9xb63;https://i.imgur.com/neThd7g.jpg
2021-01-15T00:49:36.907016;kxi2b8;gjacnsy;https://imgur.com/a/7LTdt1K
2021-01-15T03:41:13.106615;kxl59g;gjawbma;https://i.imgur.com/mTr5B7r.jpg
2021-01-15T05:11:17.633910;kxmoc9;gjb64zd;https://imgur.com/a/9xHrykG
2021-01-15T05:27:35.825248;kxmy9r;gjb7t05;https://imgur.com/a/QY003Tu
2021-01-15T06:35:04.761673;kxo0u9;gjbe4bq;https://i.imgur.com/EJP1BvC.jpg
2021-01-15T17:57:34.642811;kxykal;gjcyuua;https://imgur.com/a/kHm7Dv2
2021-01-15T20:28:51.830312;ky1to8;gjdioku;https://i.imgur.com/XmKtF7E.jpg
2021-01-15T22:29:52.206069;ky4chg;gjdxv61;https://i.imgur.com/Uu9vOk2.jpg
2021-01-16T00:27:14.267289;ky6omp;gjebn6k;https://imgur.com/a/nRkwprw
2021-01-16T01:33:35.190942;ky7y0a;gjej1ap;https://i.imgur.com/x6EDD52.jpg
2021-01-16T02:01:54.866679;ky8gb7;gjem64s;https://imgur.com/a/zhHXf8b
2021-01-16T04:38:17.831239;kyb3uj;gjf2xcn;https://imgur.com/a/YMJ0LSs
2021-01-16T06:18:03.408917;kycoyj;gjfc8ol;https://i.imgur.com/CiCk2fy.jpg
2021-01-16T08:54:08.928106;kyeted;gjfnnjn;https://i.imgur.com/MryJgOL.jpg
2021-01-16T09:16:40.284377;kyf303;gjfozz7;https://imgur.com/a/Yz6MqE1
2021-01-16T09:19:47.275216;kyf467;gjfp6lw;https://imgur.com/a/g3BuSfP
2021-01-16T15:29:49.541960;kyjv78;gjgmqhy;https://i.imgur.com/hAg5YlA.jpg
2021-01-16T22:53:59.619121;kysamw;gjicsct;https://i.imgur.com/5mmXI1f.jpg
2021-01-17T04:52:51.010617;kyyr2l;gjjho05;https://i.imgur.com/RdqeVSK.jpg
2021-01-18T07:13:20.688280;kzlkk2;gjp1yce;https://i.imgur.com/M5XI5Au.jpg
2021-01-18T07:54:08.480175;kzpd9v;gjp55bp;https://imgur.com/a/H1yWQjq
2021-01-18T10:26:30.318833;kzrcly;gjpf7uq;https://i.imgur.com/aHggC5z.jpg
2021-01-18T15:52:35.215724;kzw2o2;gjq2o3z;https://i.imgur.com/PZdQFYf.jpg
2021-01-18T17:27:01.011146;kzxxep;gjqd4mo;https://i.imgur.com/3qUYQrL.jpg
2021-01-19T03:23:21.139226;l09xy0;gjsbqed;https://i.imgur.com/WO5W9Pi.jpg
2021-01-19T10:26:54.907375;l0gf9y;gjtc8re;https://i.imgur.com/owNX5L1.jpg
2021-01-19T10:27:53.206527;l0gfux;gjtcaum;https://i.imgur.com/VWza4Gs.jpg
2021-01-19T19:18:22.783677;l0pn4e;gjusmz5;https://i.imgur.com/UkN6bGn.jpg
2021-01-19T21:18:44.234750;l0s8bd;gjv8h2o;https://i.imgur.com/5vQ7zL6.jpg
2021-01-19T22:51:23.529308;l0u7d7;gjvkyur;https://i.imgur.com/4uyntI8.jpg
2021-01-20T01:35:04.234217;l0xhbk;gjw4o7b;https://i.imgur.com/nFV1do2.jpg
2021-01-20T07:31:54.895400;l13k16;gjx4qj5;https://imgur.com/a/MBa1eHW
2021-01-20T08:10:09.507433;l13waf;gjx7iqo;
2021-01-20T10:12:54.577601;l15n6b;gjxfibt;
2021-01-20T13:33:54.142090;l18asz;gjxsetp;
2021-01-20T14:53:17.625926;l19ksz;gjxzkfk;
2021-01-20T16:46:05.439436;l1bpcl;gjyckx2;
2021-01-20T19:02:42.037689;l1ekpd;gjyv4ig;
2021-01-20T19:35:31.592195;l1famb;gjyzpsw;https://imgur.com/a/lQjliTx
2021-01-20T20:50:27.794325;l1gxaw;gjza37d;
2021-01-20T20:50:34.438785;l1gxaw;gjza3qu;
2021-01-20T21:29:24.399266;l1hrbg;gjzffyw;
2021-01-20T21:29:35.458276;l1hrbg;gjzfgvg;
2021-01-20T21:30:37.445209;l1hsad;gjzfly6;
2021-01-20T21:30:51.526873;l1hsad;gjzfn2o;
2021-01-20T23:57:52.227105;l1ktel;gjzz0su;https://i.imgur.com/QMI8n87.jpg
2021-01-21T02:19:18.898164;l1nm92;gk0foa1;https://i.imgur.com/2OLMcI5.jpg
2021-01-21T02:53:29.013702;l1o8ze;gk0jo2l;https://i.imgur.com/vTQnd2R.jpg
2021-01-21T02:58:01.401811;l1obv4;gk0k7ur;https://i.imgur.com/R8Jeobj.jpg
2021-01-21T03:09:14.672738;l1ojp4;gk0ljg4;
2021-01-21T04:43:49.853138;l1q7th;gk0wqfv;
2021-01-21T05:11:26.193444;l1qown;gk0zpk5;
2021-01-21T05:19:45.883601;l1qtxl;gk10l6h;
2021-01-21T05:47:25.443741;l1r9uq;gk13ef1;https://i.imgur.com/8lTGgaS.jpg
2021-01-21T06:27:56.556311;l1rwg2;gk177ff;
2021-01-21T06:38:16.759791;l1s1we;gk18413;
2021-01-21T07:21:32.539629;l1so7o;gk1blcp;https://i.imgur.com/cRcJRvT.mp4
2021-01-21T07:36:47.344902;l1svii;gk1cpwi;
2021-01-21T11:38:47.762886;l1w1jl;gk1rsy6;
2021-01-21T15:20:08.682950;l1zbf2;gk29cbv;